key,name,date,caption,saved_at
97b3d21556f9626d1cd49df98592c1e0,site_a_2026-08-31 at 11.51.24 AM 9.png,2026-09-01T09:00:00,,2026-08-31 15:11:14
b86b07ac02703d68a844e27dd6d47cb0,site_a_2026-08-31 at 11.51.24 AM 8.png,2026-09-01T12:00:00,,2026-08-31 15:11:14
795855f7fc8d7a68663e719a90487900,site_a_2026-08-31 at 11.51.24 AM 7.png,2026-09-01T15:00:00,,2026-08-31 15:11:14
dfdea815a4bf4afc77ffd29de6f2b25a,site_a_2026-08-31 at 11.51.24 AM 6.png,2026-09-02T09:00:00,,2026-08-31 15:11:14
a9cc435cb02e17be178da7a1e10cc752,site_a_2026-08-31 at 11.51.24 AM 5.png,2026-09-02T12:00:00,,2026-08-31 15:11:14
a54d9e5618fd0dd23d997a50695511f8,site_a_2026-08-31 at 11.51.24 AM 4.png,2026-09-02T15:00:00,,2026-08-31 15:11:14
2b2ded22b79815503b1226ba9494c9b8,site_a_2026-08-31 at 11.51.24 AM 3.png,2026-09-03T09:00:00,,2026-08-31 15:11:14
c9b7f139d65911e3c7090b4e1ff64d9d,site_a_2026-08-31 at 11.51.24 AM 2.png,2026-09-03T12:00:00,,2026-08-31 15:11:14
3b10b681e71ebeb0850557badbb4d692,site_a_2026-08-31 at 11.51.24 AM.png,2026-09-03T15:00:00,,2026-08-31 15:11:14
