file,class_name,present
anuragraj03__Nhh_img_193_jpg.rf.2efe1377c575fad6e5632a99ea769798,person,False
anuragraj03__Nhh_img_193_jpg.rf.2efe1377c575fad6e5632a99ea769798,helmet,True
anuragraj03__Nhh_img_193_jpg.rf.2efe1377c575fad6e5632a99ea769798,gloves,False
anuragraj03__Nhh_img_193_jpg.rf.2efe1377c575fad6e5632a99ea769798,boots,False
anuragraj03__Nhh_img_193_jpg.rf.2efe1377c575fad6e5632a99ea769798,vest,False
anuragraj03__Nhh_img_193_jpg.rf.2efe1377c575fad6e5632a99ea769798,no-helmet,False
anuragraj03__Nhh_img_193_jpg.rf.2efe1377c575fad6e5632a99ea769798,no-gloves,False
anuragraj03__Nhh_img_193_jpg.rf.2efe1377c575fad6e5632a99ea769798,no-boots,False
anuragraj03__Nhh_img_193_jpg.rf.2efe1377c575fad6e5632a99ea769798,no-vest,False
anuragraj03__PP02img1002_jpg.rf.62e25de0e2eeb6b0861ca6a12222ad20,person,False
anuragraj03__PP02img1002_jpg.rf.62e25de0e2eeb6b0861ca6a12222ad20,helmet,False
anuragraj03__PP02img1002_jpg.rf.62e25de0e2eeb6b0861ca6a12222ad20,gloves,True
anuragraj03__PP02img1002_jpg.rf.62e25de0e2eeb6b0861ca6a12222ad20,boots,False
anuragraj03__PP02img1002_jpg.rf.62e25de0e2eeb6b0861ca6a12222ad20,vest,False
anuragraj03__PP02img1002_jpg.rf.62e25de0e2eeb6b0861ca6a12222ad20,no-helmet,False
anuragraj03__PP02img1002_jpg.rf.62e25de0e2eeb6b0861ca6a12222ad20,no-gloves,True
anuragraj03__PP02img1002_jpg.rf.62e25de0e2eeb6b0861ca6a12222ad20,no-boots,False
anuragraj03__PP02img1002_jpg.rf.62e25de0e2eeb6b0861ca6a12222ad20,no-vest,False
anuragraj03__PP02img471_jpg.rf.1677e50491967a23c5f760cea6600487,person,False
anuragraj03__PP02img471_jpg.rf.1677e50491967a23c5f760cea6600487,helmet,False
anuragraj03__PP02img471_jpg.rf.1677e50491967a23c5f760cea6600487,gloves,True
anuragraj03__PP02img471_jpg.rf.1677e50491967a23c5f760cea6600487,boots,False
anuragraj03__PP02img471_jpg.rf.1677e50491967a23c5f760cea6600487,vest,False
anuragraj03__PP02img471_jpg.rf.1677e50491967a23c5f760cea6600487,no-helmet,False
anuragraj03__PP02img471_jpg.rf.1677e50491967a23c5f760cea6600487,no-gloves,True
anuragraj03__PP02img471_jpg.rf.1677e50491967a23c5f760cea6600487,no-boots,False
anuragraj03__PP02img471_jpg.rf.1677e50491967a23c5f760cea6600487,no-vest,False
anuragraj03__PP02img667_jpg.rf.614a317243fabb7bd326e8d6437b42e4,person,False
anuragraj03__PP02img667_jpg.rf.614a317243fabb7bd326e8d6437b42e4,helmet,False
anuragraj03__PP02img667_jpg.rf.614a317243fabb7bd326e8d6437b42e4,gloves,False
anuragraj03__PP02img667_jpg.rf.614a317243fabb7bd326e8d6437b42e4,boots,False
anuragraj03__PP02img667_jpg.rf.614a317243fabb7bd326e8d6437b42e4,vest,False
anuragraj03__PP02img667_jpg.rf.614a317243fabb7bd326e8d6437b42e4,no-helmet,False
anuragraj03__PP02img667_jpg.rf.614a317243fabb7bd326e8d6437b42e4,no-gloves,True
anuragraj03__PP02img667_jpg.rf.614a317243fabb7bd326e8d6437b42e4,no-boots,False
anuragraj03__PP02img667_jpg.rf.614a317243fabb7bd326e8d6437b42e4,no-vest,False
anuragraj03__PPE_Data_181_jpg.rf.33359be7c33dbdaf16c2007f9092286a,person,False
anuragraj03__PPE_Data_181_jpg.rf.33359be7c33dbdaf16c2007f9092286a,helmet,False
anuragraj03__PPE_Data_181_jpg.rf.33359be7c33dbdaf16c2007f9092286a,gloves,False
anuragraj03__PPE_Data_181_jpg.rf.33359be7c33dbdaf16c2007f9092286a,boots,True
anuragraj03__PPE_Data_181_jpg.rf.33359be7c33dbdaf16c2007f9092286a,vest,False
anuragraj03__PPE_Data_181_jpg.rf.33359be7c33dbdaf16c2007f9092286a,no-helmet,False
anuragraj03__PPE_Data_181_jpg.rf.33359be7c33dbdaf16c2007f9092286a,no-gloves,True
anuragraj03__PPE_Data_181_jpg.rf.33359be7c33dbdaf16c2007f9092286a,no-boots,False
anuragraj03__PPE_Data_181_jpg.rf.33359be7c33dbdaf16c2007f9092286a,no-vest,False
anuragraj03__fglov146_jpg.rf.bcbaf7ab2a974cb248a8c723a7d499e5,person,False
anuragraj03__fglov146_jpg.rf.bcbaf7ab2a974cb248a8c723a7d499e5,helmet,False
anuragraj03__fglov146_jpg.rf.bcbaf7ab2a974cb248a8c723a7d499e5,gloves,True
anuragraj03__fglov146_jpg.rf.bcbaf7ab2a974cb248a8c723a7d499e5,boots,False
anuragraj03__fglov146_jpg.rf.bcbaf7ab2a974cb248a8c723a7d499e5,vest,False
anuragraj03__fglov146_jpg.rf.bcbaf7ab2a974cb248a8c723a7d499e5,no-helmet,False
anuragraj03__fglov146_jpg.rf.bcbaf7ab2a974cb248a8c723a7d499e5,no-gloves,True
anuragraj03__fglov146_jpg.rf.bcbaf7ab2a974cb248a8c723a7d499e5,no-boots,False
anuragraj03__fglov146_jpg.rf.bcbaf7ab2a974cb248a8c723a7d499e5,no-vest,False
anuragraj03__frame00001_png.rf.29c19a377463f435a3438130aca75f85,person,False
anuragraj03__frame00001_png.rf.29c19a377463f435a3438130aca75f85,helmet,True
anuragraj03__frame00001_png.rf.29c19a377463f435a3438130aca75f85,gloves,True
anuragraj03__frame00001_png.rf.29c19a377463f435a3438130aca75f85,boots,True
anuragraj03__frame00001_png.rf.29c19a377463f435a3438130aca75f85,vest,False
anuragraj03__frame00001_png.rf.29c19a377463f435a3438130aca75f85,no-helmet,False
anuragraj03__frame00001_png.rf.29c19a377463f435a3438130aca75f85,no-gloves,False
anuragraj03__frame00001_png.rf.29c19a377463f435a3438130aca75f85,no-boots,True
anuragraj03__frame00001_png.rf.29c19a377463f435a3438130aca75f85,no-vest,False
anuragraj03__frame00001_png.rf.8a0f5fb1d652ceb2340042962c04011a,person,False
anuragraj03__frame00001_png.rf.8a0f5fb1d652ceb2340042962c04011a,helmet,True
anuragraj03__frame00001_png.rf.8a0f5fb1d652ceb2340042962c04011a,gloves,True
anuragraj03__frame00001_png.rf.8a0f5fb1d652ceb2340042962c04011a,boots,True
anuragraj03__frame00001_png.rf.8a0f5fb1d652ceb2340042962c04011a,vest,False
anuragraj03__frame00001_png.rf.8a0f5fb1d652ceb2340042962c04011a,no-helmet,False
anuragraj03__frame00001_png.rf.8a0f5fb1d652ceb2340042962c04011a,no-gloves,False
anuragraj03__frame00001_png.rf.8a0f5fb1d652ceb2340042962c04011a,no-boots,False
anuragraj03__frame00001_png.rf.8a0f5fb1d652ceb2340042962c04011a,no-vest,False
anuragraj03__frame00001_png.rf.fdb6042a4dd9b2618e766ed3dcda2b7d,person,False
anuragraj03__frame00001_png.rf.fdb6042a4dd9b2618e766ed3dcda2b7d,helmet,False
anuragraj03__frame00001_png.rf.fdb6042a4dd9b2618e766ed3dcda2b7d,gloves,False
anuragraj03__frame00001_png.rf.fdb6042a4dd9b2618e766ed3dcda2b7d,boots,True
anuragraj03__frame00001_png.rf.fdb6042a4dd9b2618e766ed3dcda2b7d,vest,False
anuragraj03__frame00001_png.rf.fdb6042a4dd9b2618e766ed3dcda2b7d,no-helmet,True
anuragraj03__frame00001_png.rf.fdb6042a4dd9b2618e766ed3dcda2b7d,no-gloves,False
anuragraj03__frame00001_png.rf.fdb6042a4dd9b2618e766ed3dcda2b7d,no-boots,False
anuragraj03__frame00001_png.rf.fdb6042a4dd9b2618e766ed3dcda2b7d,no-vest,False
anuragraj03__frame00021_png.rf.38d421896f6c4c90266c4580f83c69e1,person,False
anuragraj03__frame00021_png.rf.38d421896f6c4c90266c4580f83c69e1,helmet,False
anuragraj03__frame00021_png.rf.38d421896f6c4c90266c4580f83c69e1,gloves,False
anuragraj03__frame00021_png.rf.38d421896f6c4c90266c4580f83c69e1,boots,False
anuragraj03__frame00021_png.rf.38d421896f6c4c90266c4580f83c69e1,vest,False
anuragraj03__frame00021_png.rf.38d421896f6c4c90266c4580f83c69e1,no-helmet,True
anuragraj03__frame00021_png.rf.38d421896f6c4c90266c4580f83c69e1,no-gloves,False
anuragraj03__frame00021_png.rf.38d421896f6c4c90266c4580f83c69e1,no-boots,True
anuragraj03__frame00021_png.rf.38d421896f6c4c90266c4580f83c69e1,no-vest,False
anuragraj03__frame00021_png.rf.645602dd7237ea2e6be17c088a456432,person,False
anuragraj03__frame00021_png.rf.645602dd7237ea2e6be17c088a456432,helmet,False
anuragraj03__frame00021_png.rf.645602dd7237ea2e6be17c088a456432,gloves,False
anuragraj03__frame00021_png.rf.645602dd7237ea2e6be17c088a456432,boots,True
anuragraj03__frame00021_png.rf.645602dd7237ea2e6be17c088a456432,vest,False
anuragraj03__frame00021_png.rf.645602dd7237ea2e6be17c088a456432,no-helmet,True
anuragraj03__frame00021_png.rf.645602dd7237ea2e6be17c088a456432,no-gloves,False
anuragraj03__frame00021_png.rf.645602dd7237ea2e6be17c088a456432,no-boots,False
anuragraj03__frame00021_png.rf.645602dd7237ea2e6be17c088a456432,no-vest,False
anuragraj03__frame00021_png.rf.6f750430bf2c2ad4d0d34dd36a9377d0,person,False
anuragraj03__frame00021_png.rf.6f750430bf2c2ad4d0d34dd36a9377d0,helmet,True
anuragraj03__frame00021_png.rf.6f750430bf2c2ad4d0d34dd36a9377d0,gloves,False
anuragraj03__frame00021_png.rf.6f750430bf2c2ad4d0d34dd36a9377d0,boots,True
anuragraj03__frame00021_png.rf.6f750430bf2c2ad4d0d34dd36a9377d0,vest,False
anuragraj03__frame00021_png.rf.6f750430bf2c2ad4d0d34dd36a9377d0,no-helmet,False
anuragraj03__frame00021_png.rf.6f750430bf2c2ad4d0d34dd36a9377d0,no-gloves,True
anuragraj03__frame00021_png.rf.6f750430bf2c2ad4d0d34dd36a9377d0,no-boots,True
anuragraj03__frame00021_png.rf.6f750430bf2c2ad4d0d34dd36a9377d0,no-vest,False
anuragraj03__frame00021_png.rf.9253ef57996b2acf0ee20fd0bdde9c18,person,False
anuragraj03__frame00021_png.rf.9253ef57996b2acf0ee20fd0bdde9c18,helmet,False
anuragraj03__frame00021_png.rf.9253ef57996b2acf0ee20fd0bdde9c18,gloves,False
anuragraj03__frame00021_png.rf.9253ef57996b2acf0ee20fd0bdde9c18,boots,False
anuragraj03__frame00021_png.rf.9253ef57996b2acf0ee20fd0bdde9c18,vest,False
anuragraj03__frame00021_png.rf.9253ef57996b2acf0ee20fd0bdde9c18,no-helmet,True
anuragraj03__frame00021_png.rf.9253ef57996b2acf0ee20fd0bdde9c18,no-gloves,False
anuragraj03__frame00021_png.rf.9253ef57996b2acf0ee20fd0bdde9c18,no-boots,False
anuragraj03__frame00021_png.rf.9253ef57996b2acf0ee20fd0bdde9c18,no-vest,False
anuragraj03__frame00031_png.rf.f8f689368c7eef9c9d98724ffa09857c,person,False
anuragraj03__frame00031_png.rf.f8f689368c7eef9c9d98724ffa09857c,helmet,True
anuragraj03__frame00031_png.rf.f8f689368c7eef9c9d98724ffa09857c,gloves,True
anuragraj03__frame00031_png.rf.f8f689368c7eef9c9d98724ffa09857c,boots,True
anuragraj03__frame00031_png.rf.f8f689368c7eef9c9d98724ffa09857c,vest,False
anuragraj03__frame00031_png.rf.f8f689368c7eef9c9d98724ffa09857c,no-helmet,True
anuragraj03__frame00031_png.rf.f8f689368c7eef9c9d98724ffa09857c,no-gloves,False
anuragraj03__frame00031_png.rf.f8f689368c7eef9c9d98724ffa09857c,no-boots,True
anuragraj03__frame00031_png.rf.f8f689368c7eef9c9d98724ffa09857c,no-vest,False
anuragraj03__frame00041_png.rf.20386a3122f9dc43dca0512ae6a6ea7c,person,False
anuragraj03__frame00041_png.rf.20386a3122f9dc43dca0512ae6a6ea7c,helmet,False
anuragraj03__frame00041_png.rf.20386a3122f9dc43dca0512ae6a6ea7c,gloves,False
anuragraj03__frame00041_png.rf.20386a3122f9dc43dca0512ae6a6ea7c,boots,True
anuragraj03__frame00041_png.rf.20386a3122f9dc43dca0512ae6a6ea7c,vest,False
anuragraj03__frame00041_png.rf.20386a3122f9dc43dca0512ae6a6ea7c,no-helmet,True
anuragraj03__frame00041_png.rf.20386a3122f9dc43dca0512ae6a6ea7c,no-gloves,False
anuragraj03__frame00041_png.rf.20386a3122f9dc43dca0512ae6a6ea7c,no-boots,True
anuragraj03__frame00041_png.rf.20386a3122f9dc43dca0512ae6a6ea7c,no-vest,False
anuragraj03__frame00041_png.rf.2c3b0815a3d136b18bfaf7f73548bfc8,person,False
anuragraj03__frame00041_png.rf.2c3b0815a3d136b18bfaf7f73548bfc8,helmet,True
anuragraj03__frame00041_png.rf.2c3b0815a3d136b18bfaf7f73548bfc8,gloves,False
anuragraj03__frame00041_png.rf.2c3b0815a3d136b18bfaf7f73548bfc8,boots,True
anuragraj03__frame00041_png.rf.2c3b0815a3d136b18bfaf7f73548bfc8,vest,False
anuragraj03__frame00041_png.rf.2c3b0815a3d136b18bfaf7f73548bfc8,no-helmet,False
anuragraj03__frame00041_png.rf.2c3b0815a3d136b18bfaf7f73548bfc8,no-gloves,True
anuragraj03__frame00041_png.rf.2c3b0815a3d136b18bfaf7f73548bfc8,no-boots,True
anuragraj03__frame00041_png.rf.2c3b0815a3d136b18bfaf7f73548bfc8,no-vest,False
anuragraj03__frame00041_png.rf.6aef4165528a5eadb807bdc84365aa8d,person,False
anuragraj03__frame00041_png.rf.6aef4165528a5eadb807bdc84365aa8d,helmet,True
anuragraj03__frame00041_png.rf.6aef4165528a5eadb807bdc84365aa8d,gloves,True
anuragraj03__frame00041_png.rf.6aef4165528a5eadb807bdc84365aa8d,boots,True
anuragraj03__frame00041_png.rf.6aef4165528a5eadb807bdc84365aa8d,vest,False
anuragraj03__frame00041_png.rf.6aef4165528a5eadb807bdc84365aa8d,no-helmet,False
anuragraj03__frame00041_png.rf.6aef4165528a5eadb807bdc84365aa8d,no-gloves,True
anuragraj03__frame00041_png.rf.6aef4165528a5eadb807bdc84365aa8d,no-boots,False
anuragraj03__frame00041_png.rf.6aef4165528a5eadb807bdc84365aa8d,no-vest,False
anuragraj03__frame00041_png.rf.a1666ddcfc4a74c60a3e590953e20318,person,False
anuragraj03__frame00041_png.rf.a1666ddcfc4a74c60a3e590953e20318,helmet,False
anuragraj03__frame00041_png.rf.a1666ddcfc4a74c60a3e590953e20318,gloves,False
anuragraj03__frame00041_png.rf.a1666ddcfc4a74c60a3e590953e20318,boots,True
anuragraj03__frame00041_png.rf.a1666ddcfc4a74c60a3e590953e20318,vest,False
anuragraj03__frame00041_png.rf.a1666ddcfc4a74c60a3e590953e20318,no-helmet,True
anuragraj03__frame00041_png.rf.a1666ddcfc4a74c60a3e590953e20318,no-gloves,False
anuragraj03__frame00041_png.rf.a1666ddcfc4a74c60a3e590953e20318,no-boots,True
anuragraj03__frame00041_png.rf.a1666ddcfc4a74c60a3e590953e20318,no-vest,False
anuragraj03__frame00071_png.rf.d2098802276bd36181998e478d8a36d6,person,False
anuragraj03__frame00071_png.rf.d2098802276bd36181998e478d8a36d6,helmet,True
anuragraj03__frame00071_png.rf.d2098802276bd36181998e478d8a36d6,gloves,False
anuragraj03__frame00071_png.rf.d2098802276bd36181998e478d8a36d6,boots,False
anuragraj03__frame00071_png.rf.d2098802276bd36181998e478d8a36d6,vest,False
anuragraj03__frame00071_png.rf.d2098802276bd36181998e478d8a36d6,no-helmet,True
anuragraj03__frame00071_png.rf.d2098802276bd36181998e478d8a36d6,no-gloves,False
anuragraj03__frame00071_png.rf.d2098802276bd36181998e478d8a36d6,no-boots,True
anuragraj03__frame00071_png.rf.d2098802276bd36181998e478d8a36d6,no-vest,False
anuragraj03__frame00101_png.rf.dedcbdb6f20ebbd255876c87c03bb245,person,False
anuragraj03__frame00101_png.rf.dedcbdb6f20ebbd255876c87c03bb245,helmet,True
anuragraj03__frame00101_png.rf.dedcbdb6f20ebbd255876c87c03bb245,gloves,True
anuragraj03__frame00101_png.rf.dedcbdb6f20ebbd255876c87c03bb245,boots,True
anuragraj03__frame00101_png.rf.dedcbdb6f20ebbd255876c87c03bb245,vest,False
anuragraj03__frame00101_png.rf.dedcbdb6f20ebbd255876c87c03bb245,no-helmet,False
anuragraj03__frame00101_png.rf.dedcbdb6f20ebbd255876c87c03bb245,no-gloves,False
anuragraj03__frame00101_png.rf.dedcbdb6f20ebbd255876c87c03bb245,no-boots,False
anuragraj03__frame00101_png.rf.dedcbdb6f20ebbd255876c87c03bb245,no-vest,False
anuragraj03__frame00131_png.rf.1f9f207521e3854473cce027585e31b7,person,False
anuragraj03__frame00131_png.rf.1f9f207521e3854473cce027585e31b7,helmet,False
anuragraj03__frame00131_png.rf.1f9f207521e3854473cce027585e31b7,gloves,False
anuragraj03__frame00131_png.rf.1f9f207521e3854473cce027585e31b7,boots,True
anuragraj03__frame00131_png.rf.1f9f207521e3854473cce027585e31b7,vest,False
anuragraj03__frame00131_png.rf.1f9f207521e3854473cce027585e31b7,no-helmet,True
anuragraj03__frame00131_png.rf.1f9f207521e3854473cce027585e31b7,no-gloves,False
anuragraj03__frame00131_png.rf.1f9f207521e3854473cce027585e31b7,no-boots,False
anuragraj03__frame00131_png.rf.1f9f207521e3854473cce027585e31b7,no-vest,False
anuragraj03__frame00131_png.rf.5ad8f6bed55b1b0b79806646798381ec,person,False
anuragraj03__frame00131_png.rf.5ad8f6bed55b1b0b79806646798381ec,helmet,True
anuragraj03__frame00131_png.rf.5ad8f6bed55b1b0b79806646798381ec,gloves,True
anuragraj03__frame00131_png.rf.5ad8f6bed55b1b0b79806646798381ec,boots,True
anuragraj03__frame00131_png.rf.5ad8f6bed55b1b0b79806646798381ec,vest,False
anuragraj03__frame00131_png.rf.5ad8f6bed55b1b0b79806646798381ec,no-helmet,False
anuragraj03__frame00131_png.rf.5ad8f6bed55b1b0b79806646798381ec,no-gloves,True
anuragraj03__frame00131_png.rf.5ad8f6bed55b1b0b79806646798381ec,no-boots,False
anuragraj03__frame00131_png.rf.5ad8f6bed55b1b0b79806646798381ec,no-vest,False
anuragraj03__frame00141_png.rf.ef91fd9bb1a76e42f9c5dc35844603b5,person,False
anuragraj03__frame00141_png.rf.ef91fd9bb1a76e42f9c5dc35844603b5,helmet,True
anuragraj03__frame00141_png.rf.ef91fd9bb1a76e42f9c5dc35844603b5,gloves,True
anuragraj03__frame00141_png.rf.ef91fd9bb1a76e42f9c5dc35844603b5,boots,True
anuragraj03__frame00141_png.rf.ef91fd9bb1a76e42f9c5dc35844603b5,vest,False
anuragraj03__frame00141_png.rf.ef91fd9bb1a76e42f9c5dc35844603b5,no-helmet,False
anuragraj03__frame00141_png.rf.ef91fd9bb1a76e42f9c5dc35844603b5,no-gloves,False
anuragraj03__frame00141_png.rf.ef91fd9bb1a76e42f9c5dc35844603b5,no-boots,False
anuragraj03__frame00141_png.rf.ef91fd9bb1a76e42f9c5dc35844603b5,no-vest,False
anuragraj03__frame00151_png.rf.9770af2de4398b3e2e1281c652a23988,person,False
anuragraj03__frame00151_png.rf.9770af2de4398b3e2e1281c652a23988,helmet,True
anuragraj03__frame00151_png.rf.9770af2de4398b3e2e1281c652a23988,gloves,False
anuragraj03__frame00151_png.rf.9770af2de4398b3e2e1281c652a23988,boots,False
anuragraj03__frame00151_png.rf.9770af2de4398b3e2e1281c652a23988,vest,False
anuragraj03__frame00151_png.rf.9770af2de4398b3e2e1281c652a23988,no-helmet,True
anuragraj03__frame00151_png.rf.9770af2de4398b3e2e1281c652a23988,no-gloves,False
anuragraj03__frame00151_png.rf.9770af2de4398b3e2e1281c652a23988,no-boots,True
anuragraj03__frame00151_png.rf.9770af2de4398b3e2e1281c652a23988,no-vest,False
anuragraj03__frame00161_png.rf.d39620b3cbcd4d63a721bbc980285294,person,False
anuragraj03__frame00161_png.rf.d39620b3cbcd4d63a721bbc980285294,helmet,False
anuragraj03__frame00161_png.rf.d39620b3cbcd4d63a721bbc980285294,gloves,False
anuragraj03__frame00161_png.rf.d39620b3cbcd4d63a721bbc980285294,boots,True
anuragraj03__frame00161_png.rf.d39620b3cbcd4d63a721bbc980285294,vest,False
anuragraj03__frame00161_png.rf.d39620b3cbcd4d63a721bbc980285294,no-helmet,True
anuragraj03__frame00161_png.rf.d39620b3cbcd4d63a721bbc980285294,no-gloves,False
anuragraj03__frame00161_png.rf.d39620b3cbcd4d63a721bbc980285294,no-boots,True
anuragraj03__frame00161_png.rf.d39620b3cbcd4d63a721bbc980285294,no-vest,False
anuragraj03__frame00181_png.rf.e1335294658a291f70d79aff78cda23e,person,False
anuragraj03__frame00181_png.rf.e1335294658a291f70d79aff78cda23e,helmet,True
anuragraj03__frame00181_png.rf.e1335294658a291f70d79aff78cda23e,gloves,True
anuragraj03__frame00181_png.rf.e1335294658a291f70d79aff78cda23e,boots,True
anuragraj03__frame00181_png.rf.e1335294658a291f70d79aff78cda23e,vest,False
anuragraj03__frame00181_png.rf.e1335294658a291f70d79aff78cda23e,no-helmet,False
anuragraj03__frame00181_png.rf.e1335294658a291f70d79aff78cda23e,no-gloves,False
anuragraj03__frame00181_png.rf.e1335294658a291f70d79aff78cda23e,no-boots,True
anuragraj03__frame00181_png.rf.e1335294658a291f70d79aff78cda23e,no-vest,False
anuragraj03__frame00201_png.rf.aac99eb08f965b47bf3a4e6925999a27,person,False
anuragraj03__frame00201_png.rf.aac99eb08f965b47bf3a4e6925999a27,helmet,True
anuragraj03__frame00201_png.rf.aac99eb08f965b47bf3a4e6925999a27,gloves,False
anuragraj03__frame00201_png.rf.aac99eb08f965b47bf3a4e6925999a27,boots,True
anuragraj03__frame00201_png.rf.aac99eb08f965b47bf3a4e6925999a27,vest,False
anuragraj03__frame00201_png.rf.aac99eb08f965b47bf3a4e6925999a27,no-helmet,False
anuragraj03__frame00201_png.rf.aac99eb08f965b47bf3a4e6925999a27,no-gloves,False
anuragraj03__frame00201_png.rf.aac99eb08f965b47bf3a4e6925999a27,no-boots,False
anuragraj03__frame00201_png.rf.aac99eb08f965b47bf3a4e6925999a27,no-vest,False
anuragraj03__frame00251_png.rf.b8fc8a2d58a7f66e43a32924b18967f9,person,False
anuragraj03__frame00251_png.rf.b8fc8a2d58a7f66e43a32924b18967f9,helmet,False
anuragraj03__frame00251_png.rf.b8fc8a2d58a7f66e43a32924b18967f9,gloves,False
anuragraj03__frame00251_png.rf.b8fc8a2d58a7f66e43a32924b18967f9,boots,False
anuragraj03__frame00251_png.rf.b8fc8a2d58a7f66e43a32924b18967f9,vest,False
anuragraj03__frame00251_png.rf.b8fc8a2d58a7f66e43a32924b18967f9,no-helmet,True
anuragraj03__frame00251_png.rf.b8fc8a2d58a7f66e43a32924b18967f9,no-gloves,False
anuragraj03__frame00251_png.rf.b8fc8a2d58a7f66e43a32924b18967f9,no-boots,True
anuragraj03__frame00251_png.rf.b8fc8a2d58a7f66e43a32924b18967f9,no-vest,False
anuragraj03__frame00281_png.rf.5ad3ea5aa3d13b16c25137ed015da273,person,False
anuragraj03__frame00281_png.rf.5ad3ea5aa3d13b16c25137ed015da273,helmet,True
anuragraj03__frame00281_png.rf.5ad3ea5aa3d13b16c25137ed015da273,gloves,True
anuragraj03__frame00281_png.rf.5ad3ea5aa3d13b16c25137ed015da273,boots,True
anuragraj03__frame00281_png.rf.5ad3ea5aa3d13b16c25137ed015da273,vest,False
anuragraj03__frame00281_png.rf.5ad3ea5aa3d13b16c25137ed015da273,no-helmet,False
anuragraj03__frame00281_png.rf.5ad3ea5aa3d13b16c25137ed015da273,no-gloves,False
anuragraj03__frame00281_png.rf.5ad3ea5aa3d13b16c25137ed015da273,no-boots,False
anuragraj03__frame00281_png.rf.5ad3ea5aa3d13b16c25137ed015da273,no-vest,False
anuragraj03__frame00281_png.rf.5dce68995fcd9c537643a5e9165dcad9,person,False
anuragraj03__frame00281_png.rf.5dce68995fcd9c537643a5e9165dcad9,helmet,False
anuragraj03__frame00281_png.rf.5dce68995fcd9c537643a5e9165dcad9,gloves,False
anuragraj03__frame00281_png.rf.5dce68995fcd9c537643a5e9165dcad9,boots,False
anuragraj03__frame00281_png.rf.5dce68995fcd9c537643a5e9165dcad9,vest,False
anuragraj03__frame00281_png.rf.5dce68995fcd9c537643a5e9165dcad9,no-helmet,True
anuragraj03__frame00281_png.rf.5dce68995fcd9c537643a5e9165dcad9,no-gloves,False
anuragraj03__frame00281_png.rf.5dce68995fcd9c537643a5e9165dcad9,no-boots,True
anuragraj03__frame00281_png.rf.5dce68995fcd9c537643a5e9165dcad9,no-vest,False
anuragraj03__frame00321_png.rf.48468f9b6da4f0ef126620cc284b19f1,person,False
anuragraj03__frame00321_png.rf.48468f9b6da4f0ef126620cc284b19f1,helmet,False
anuragraj03__frame00321_png.rf.48468f9b6da4f0ef126620cc284b19f1,gloves,False
anuragraj03__frame00321_png.rf.48468f9b6da4f0ef126620cc284b19f1,boots,False
anuragraj03__frame00321_png.rf.48468f9b6da4f0ef126620cc284b19f1,vest,False
anuragraj03__frame00321_png.rf.48468f9b6da4f0ef126620cc284b19f1,no-helmet,True
anuragraj03__frame00321_png.rf.48468f9b6da4f0ef126620cc284b19f1,no-gloves,False
anuragraj03__frame00321_png.rf.48468f9b6da4f0ef126620cc284b19f1,no-boots,True
anuragraj03__frame00321_png.rf.48468f9b6da4f0ef126620cc284b19f1,no-vest,False
anuragraj03__frame00341_png.rf.245ece433cfcb149a31c1fcf649d5972,person,False
anuragraj03__frame00341_png.rf.245ece433cfcb149a31c1fcf649d5972,helmet,True
anuragraj03__frame00341_png.rf.245ece433cfcb149a31c1fcf649d5972,gloves,True
anuragraj03__frame00341_png.rf.245ece433cfcb149a31c1fcf649d5972,boots,True
anuragraj03__frame00341_png.rf.245ece433cfcb149a31c1fcf649d5972,vest,False
anuragraj03__frame00341_png.rf.245ece433cfcb149a31c1fcf649d5972,no-helmet,False
anuragraj03__frame00341_png.rf.245ece433cfcb149a31c1fcf649d5972,no-gloves,False
anuragraj03__frame00341_png.rf.245ece433cfcb149a31c1fcf649d5972,no-boots,False
anuragraj03__frame00341_png.rf.245ece433cfcb149a31c1fcf649d5972,no-vest,False
anuragraj03__frame02011_png.rf.abde577bbaceb74745800fd9a35f3987,person,False
anuragraj03__frame02011_png.rf.abde577bbaceb74745800fd9a35f3987,helmet,True
anuragraj03__frame02011_png.rf.abde577bbaceb74745800fd9a35f3987,gloves,True
anuragraj03__frame02011_png.rf.abde577bbaceb74745800fd9a35f3987,boots,True
anuragraj03__frame02011_png.rf.abde577bbaceb74745800fd9a35f3987,vest,False
anuragraj03__frame02011_png.rf.abde577bbaceb74745800fd9a35f3987,no-helmet,True
anuragraj03__frame02011_png.rf.abde577bbaceb74745800fd9a35f3987,no-gloves,False
anuragraj03__frame02011_png.rf.abde577bbaceb74745800fd9a35f3987,no-boots,False
anuragraj03__frame02011_png.rf.abde577bbaceb74745800fd9a35f3987,no-vest,False
anuragraj03__frame1364_jpg.rf.b1f3f9c23e4d85340bd0e0275f4027a4,person,False
anuragraj03__frame1364_jpg.rf.b1f3f9c23e4d85340bd0e0275f4027a4,helmet,False
anuragraj03__frame1364_jpg.rf.b1f3f9c23e4d85340bd0e0275f4027a4,gloves,False
anuragraj03__frame1364_jpg.rf.b1f3f9c23e4d85340bd0e0275f4027a4,boots,True
anuragraj03__frame1364_jpg.rf.b1f3f9c23e4d85340bd0e0275f4027a4,vest,False
anuragraj03__frame1364_jpg.rf.b1f3f9c23e4d85340bd0e0275f4027a4,no-helmet,False
anuragraj03__frame1364_jpg.rf.b1f3f9c23e4d85340bd0e0275f4027a4,no-gloves,False
anuragraj03__frame1364_jpg.rf.b1f3f9c23e4d85340bd0e0275f4027a4,no-boots,True
anuragraj03__frame1364_jpg.rf.b1f3f9c23e4d85340bd0e0275f4027a4,no-vest,False
anuragraj03__frame1378_jpg.rf.d4cb4f65371c852f10aefc75a6cbd2b7,person,False
anuragraj03__frame1378_jpg.rf.d4cb4f65371c852f10aefc75a6cbd2b7,helmet,False
anuragraj03__frame1378_jpg.rf.d4cb4f65371c852f10aefc75a6cbd2b7,gloves,False
anuragraj03__frame1378_jpg.rf.d4cb4f65371c852f10aefc75a6cbd2b7,boots,True
anuragraj03__frame1378_jpg.rf.d4cb4f65371c852f10aefc75a6cbd2b7,vest,False
anuragraj03__frame1378_jpg.rf.d4cb4f65371c852f10aefc75a6cbd2b7,no-helmet,False
anuragraj03__frame1378_jpg.rf.d4cb4f65371c852f10aefc75a6cbd2b7,no-gloves,False
anuragraj03__frame1378_jpg.rf.d4cb4f65371c852f10aefc75a6cbd2b7,no-boots,True
anuragraj03__frame1378_jpg.rf.d4cb4f65371c852f10aefc75a6cbd2b7,no-vest,False
anuragraj03__goggle8765118_jpg.rf.ceb29a57a09c3b2bca74df8da253a152,person,False
anuragraj03__goggle8765118_jpg.rf.ceb29a57a09c3b2bca74df8da253a152,helmet,False
anuragraj03__goggle8765118_jpg.rf.ceb29a57a09c3b2bca74df8da253a152,gloves,True
anuragraj03__goggle8765118_jpg.rf.ceb29a57a09c3b2bca74df8da253a152,boots,False
anuragraj03__goggle8765118_jpg.rf.ceb29a57a09c3b2bca74df8da253a152,vest,False
anuragraj03__goggle8765118_jpg.rf.ceb29a57a09c3b2bca74df8da253a152,no-helmet,False
anuragraj03__goggle8765118_jpg.rf.ceb29a57a09c3b2bca74df8da253a152,no-gloves,False
anuragraj03__goggle8765118_jpg.rf.ceb29a57a09c3b2bca74df8da253a152,no-boots,False
anuragraj03__goggle8765118_jpg.rf.ceb29a57a09c3b2bca74df8da253a152,no-vest,False
anuragraj03__goggle876532_jpg.rf.aa878cdabb99512810945412ceefe175,person,False
anuragraj03__goggle876532_jpg.rf.aa878cdabb99512810945412ceefe175,helmet,False
anuragraj03__goggle876532_jpg.rf.aa878cdabb99512810945412ceefe175,gloves,True
anuragraj03__goggle876532_jpg.rf.aa878cdabb99512810945412ceefe175,boots,False
anuragraj03__goggle876532_jpg.rf.aa878cdabb99512810945412ceefe175,vest,False
anuragraj03__goggle876532_jpg.rf.aa878cdabb99512810945412ceefe175,no-helmet,False
anuragraj03__goggle876532_jpg.rf.aa878cdabb99512810945412ceefe175,no-gloves,True
anuragraj03__goggle876532_jpg.rf.aa878cdabb99512810945412ceefe175,no-boots,False
anuragraj03__goggle876532_jpg.rf.aa878cdabb99512810945412ceefe175,no-vest,False
anuragraj03__goggle876594_jpg.rf.7cdb8fa8021a9d08762783629f1b6181,person,False
anuragraj03__goggle876594_jpg.rf.7cdb8fa8021a9d08762783629f1b6181,helmet,False
anuragraj03__goggle876594_jpg.rf.7cdb8fa8021a9d08762783629f1b6181,gloves,True
anuragraj03__goggle876594_jpg.rf.7cdb8fa8021a9d08762783629f1b6181,boots,False
anuragraj03__goggle876594_jpg.rf.7cdb8fa8021a9d08762783629f1b6181,vest,False
anuragraj03__goggle876594_jpg.rf.7cdb8fa8021a9d08762783629f1b6181,no-helmet,False
anuragraj03__goggle876594_jpg.rf.7cdb8fa8021a9d08762783629f1b6181,no-gloves,True
anuragraj03__goggle876594_jpg.rf.7cdb8fa8021a9d08762783629f1b6181,no-boots,False
anuragraj03__goggle876594_jpg.rf.7cdb8fa8021a9d08762783629f1b6181,no-vest,False
anuragraj03__helmet9991161_jpg.rf.4b2964466c0c6794e91c90cc7e9cd6a0,person,False
anuragraj03__helmet9991161_jpg.rf.4b2964466c0c6794e91c90cc7e9cd6a0,helmet,False
anuragraj03__helmet9991161_jpg.rf.4b2964466c0c6794e91c90cc7e9cd6a0,gloves,False
anuragraj03__helmet9991161_jpg.rf.4b2964466c0c6794e91c90cc7e9cd6a0,boots,False
anuragraj03__helmet9991161_jpg.rf.4b2964466c0c6794e91c90cc7e9cd6a0,vest,False
anuragraj03__helmet9991161_jpg.rf.4b2964466c0c6794e91c90cc7e9cd6a0,no-helmet,True
anuragraj03__helmet9991161_jpg.rf.4b2964466c0c6794e91c90cc7e9cd6a0,no-gloves,False
anuragraj03__helmet9991161_jpg.rf.4b2964466c0c6794e91c90cc7e9cd6a0,no-boots,False
anuragraj03__helmet9991161_jpg.rf.4b2964466c0c6794e91c90cc7e9cd6a0,no-vest,False
anuragraj03__helmet9991193_jpg.rf.4cdfba3759bf492ac923cb04602633eb,person,False
anuragraj03__helmet9991193_jpg.rf.4cdfba3759bf492ac923cb04602633eb,helmet,False
anuragraj03__helmet9991193_jpg.rf.4cdfba3759bf492ac923cb04602633eb,gloves,False
anuragraj03__helmet9991193_jpg.rf.4cdfba3759bf492ac923cb04602633eb,boots,False
anuragraj03__helmet9991193_jpg.rf.4cdfba3759bf492ac923cb04602633eb,vest,False
anuragraj03__helmet9991193_jpg.rf.4cdfba3759bf492ac923cb04602633eb,no-helmet,True
anuragraj03__helmet9991193_jpg.rf.4cdfba3759bf492ac923cb04602633eb,no-gloves,False
anuragraj03__helmet9991193_jpg.rf.4cdfba3759bf492ac923cb04602633eb,no-boots,False
anuragraj03__helmet9991193_jpg.rf.4cdfba3759bf492ac923cb04602633eb,no-vest,False
anuragraj03__helmet999896_jpg.rf.9d8872b7d083bdd16edb2bd45213f070,person,False
anuragraj03__helmet999896_jpg.rf.9d8872b7d083bdd16edb2bd45213f070,helmet,True
anuragraj03__helmet999896_jpg.rf.9d8872b7d083bdd16edb2bd45213f070,gloves,False
anuragraj03__helmet999896_jpg.rf.9d8872b7d083bdd16edb2bd45213f070,boots,False
anuragraj03__helmet999896_jpg.rf.9d8872b7d083bdd16edb2bd45213f070,vest,False
anuragraj03__helmet999896_jpg.rf.9d8872b7d083bdd16edb2bd45213f070,no-helmet,True
anuragraj03__helmet999896_jpg.rf.9d8872b7d083bdd16edb2bd45213f070,no-gloves,False
anuragraj03__helmet999896_jpg.rf.9d8872b7d083bdd16edb2bd45213f070,no-boots,False
anuragraj03__helmet999896_jpg.rf.9d8872b7d083bdd16edb2bd45213f070,no-vest,False
anuragraj03__img259_jpg.rf.bb7e895479eec7e33ed7cb887887e6ec,person,False
anuragraj03__img259_jpg.rf.bb7e895479eec7e33ed7cb887887e6ec,helmet,False
anuragraj03__img259_jpg.rf.bb7e895479eec7e33ed7cb887887e6ec,gloves,True
anuragraj03__img259_jpg.rf.bb7e895479eec7e33ed7cb887887e6ec,boots,False
anuragraj03__img259_jpg.rf.bb7e895479eec7e33ed7cb887887e6ec,vest,False
anuragraj03__img259_jpg.rf.bb7e895479eec7e33ed7cb887887e6ec,no-helmet,False
anuragraj03__img259_jpg.rf.bb7e895479eec7e33ed7cb887887e6ec,no-gloves,True
anuragraj03__img259_jpg.rf.bb7e895479eec7e33ed7cb887887e6ec,no-boots,False
anuragraj03__img259_jpg.rf.bb7e895479eec7e33ed7cb887887e6ec,no-vest,False
anuragraj03__img354_jpg.rf.9af754ead43961cb3d91685094cf6e1c,person,False
anuragraj03__img354_jpg.rf.9af754ead43961cb3d91685094cf6e1c,helmet,False
anuragraj03__img354_jpg.rf.9af754ead43961cb3d91685094cf6e1c,gloves,False
anuragraj03__img354_jpg.rf.9af754ead43961cb3d91685094cf6e1c,boots,False
anuragraj03__img354_jpg.rf.9af754ead43961cb3d91685094cf6e1c,vest,False
anuragraj03__img354_jpg.rf.9af754ead43961cb3d91685094cf6e1c,no-helmet,False
anuragraj03__img354_jpg.rf.9af754ead43961cb3d91685094cf6e1c,no-gloves,True
anuragraj03__img354_jpg.rf.9af754ead43961cb3d91685094cf6e1c,no-boots,False
anuragraj03__img354_jpg.rf.9af754ead43961cb3d91685094cf6e1c,no-vest,False
anuragraj03__img67_jpg.rf.84f4441aea49b0f852b55f49ee4e3712,person,False
anuragraj03__img67_jpg.rf.84f4441aea49b0f852b55f49ee4e3712,helmet,False
anuragraj03__img67_jpg.rf.84f4441aea49b0f852b55f49ee4e3712,gloves,True
anuragraj03__img67_jpg.rf.84f4441aea49b0f852b55f49ee4e3712,boots,False
anuragraj03__img67_jpg.rf.84f4441aea49b0f852b55f49ee4e3712,vest,False
anuragraj03__img67_jpg.rf.84f4441aea49b0f852b55f49ee4e3712,no-helmet,False
anuragraj03__img67_jpg.rf.84f4441aea49b0f852b55f49ee4e3712,no-gloves,True
anuragraj03__img67_jpg.rf.84f4441aea49b0f852b55f49ee4e3712,no-boots,False
anuragraj03__img67_jpg.rf.84f4441aea49b0f852b55f49ee4e3712,no-vest,False
anuragraj03__nglov33_jpg.rf.eb73797698daaacf586f64783d4d41d9,person,False
anuragraj03__nglov33_jpg.rf.eb73797698daaacf586f64783d4d41d9,helmet,False
anuragraj03__nglov33_jpg.rf.eb73797698daaacf586f64783d4d41d9,gloves,False
anuragraj03__nglov33_jpg.rf.eb73797698daaacf586f64783d4d41d9,boots,False
anuragraj03__nglov33_jpg.rf.eb73797698daaacf586f64783d4d41d9,vest,False
anuragraj03__nglov33_jpg.rf.eb73797698daaacf586f64783d4d41d9,no-helmet,False
anuragraj03__nglov33_jpg.rf.eb73797698daaacf586f64783d4d41d9,no-gloves,True
anuragraj03__nglov33_jpg.rf.eb73797698daaacf586f64783d4d41d9,no-boots,False
anuragraj03__nglov33_jpg.rf.eb73797698daaacf586f64783d4d41d9,no-vest,False
anuragraj03__nglov70_jpg.rf.fb0157072cdc2d3e40c6cb2440b5f5b2,person,False
anuragraj03__nglov70_jpg.rf.fb0157072cdc2d3e40c6cb2440b5f5b2,helmet,False
anuragraj03__nglov70_jpg.rf.fb0157072cdc2d3e40c6cb2440b5f5b2,gloves,True
anuragraj03__nglov70_jpg.rf.fb0157072cdc2d3e40c6cb2440b5f5b2,boots,False
anuragraj03__nglov70_jpg.rf.fb0157072cdc2d3e40c6cb2440b5f5b2,vest,False
anuragraj03__nglov70_jpg.rf.fb0157072cdc2d3e40c6cb2440b5f5b2,no-helmet,False
anuragraj03__nglov70_jpg.rf.fb0157072cdc2d3e40c6cb2440b5f5b2,no-gloves,True
anuragraj03__nglov70_jpg.rf.fb0157072cdc2d3e40c6cb2440b5f5b2,no-boots,False
anuragraj03__nglov70_jpg.rf.fb0157072cdc2d3e40c6cb2440b5f5b2,no-vest,False
anuragraj03__nglovpp3102_jpg.rf.3470f1d4ac46286ab9fd6b257d10c762,person,False
anuragraj03__nglovpp3102_jpg.rf.3470f1d4ac46286ab9fd6b257d10c762,helmet,False
anuragraj03__nglovpp3102_jpg.rf.3470f1d4ac46286ab9fd6b257d10c762,gloves,False
anuragraj03__nglovpp3102_jpg.rf.3470f1d4ac46286ab9fd6b257d10c762,boots,False
anuragraj03__nglovpp3102_jpg.rf.3470f1d4ac46286ab9fd6b257d10c762,vest,False
anuragraj03__nglovpp3102_jpg.rf.3470f1d4ac46286ab9fd6b257d10c762,no-helmet,False
anuragraj03__nglovpp3102_jpg.rf.3470f1d4ac46286ab9fd6b257d10c762,no-gloves,True
anuragraj03__nglovpp3102_jpg.rf.3470f1d4ac46286ab9fd6b257d10c762,no-boots,False
anuragraj03__nglovpp3102_jpg.rf.3470f1d4ac46286ab9fd6b257d10c762,no-vest,False
anuragraj03__p11328_jpg.rf.4a3545e3f5325ed8a29c015c600beefb,person,False
anuragraj03__p11328_jpg.rf.4a3545e3f5325ed8a29c015c600beefb,helmet,False
anuragraj03__p11328_jpg.rf.4a3545e3f5325ed8a29c015c600beefb,gloves,False
anuragraj03__p11328_jpg.rf.4a3545e3f5325ed8a29c015c600beefb,boots,False
anuragraj03__p11328_jpg.rf.4a3545e3f5325ed8a29c015c600beefb,vest,False
anuragraj03__p11328_jpg.rf.4a3545e3f5325ed8a29c015c600beefb,no-helmet,True
anuragraj03__p11328_jpg.rf.4a3545e3f5325ed8a29c015c600beefb,no-gloves,False
anuragraj03__p11328_jpg.rf.4a3545e3f5325ed8a29c015c600beefb,no-boots,False
anuragraj03__p11328_jpg.rf.4a3545e3f5325ed8a29c015c600beefb,no-vest,False
anuragraj03__p11333_jpg.rf.9aebb6a91b961b5c43f3ef1131f7df83,person,False
anuragraj03__p11333_jpg.rf.9aebb6a91b961b5c43f3ef1131f7df83,helmet,False
anuragraj03__p11333_jpg.rf.9aebb6a91b961b5c43f3ef1131f7df83,gloves,False
anuragraj03__p11333_jpg.rf.9aebb6a91b961b5c43f3ef1131f7df83,boots,False
anuragraj03__p11333_jpg.rf.9aebb6a91b961b5c43f3ef1131f7df83,vest,False
anuragraj03__p11333_jpg.rf.9aebb6a91b961b5c43f3ef1131f7df83,no-helmet,True
anuragraj03__p11333_jpg.rf.9aebb6a91b961b5c43f3ef1131f7df83,no-gloves,False
anuragraj03__p11333_jpg.rf.9aebb6a91b961b5c43f3ef1131f7df83,no-boots,False
anuragraj03__p11333_jpg.rf.9aebb6a91b961b5c43f3ef1131f7df83,no-vest,False
anuragraj03__p651347_jpg.rf.80a412ace94a2682a2a9d7a9715ad5c9,person,False
anuragraj03__p651347_jpg.rf.80a412ace94a2682a2a9d7a9715ad5c9,helmet,True
anuragraj03__p651347_jpg.rf.80a412ace94a2682a2a9d7a9715ad5c9,gloves,False
anuragraj03__p651347_jpg.rf.80a412ace94a2682a2a9d7a9715ad5c9,boots,False
anuragraj03__p651347_jpg.rf.80a412ace94a2682a2a9d7a9715ad5c9,vest,False
anuragraj03__p651347_jpg.rf.80a412ace94a2682a2a9d7a9715ad5c9,no-helmet,False
anuragraj03__p651347_jpg.rf.80a412ace94a2682a2a9d7a9715ad5c9,no-gloves,False
anuragraj03__p651347_jpg.rf.80a412ace94a2682a2a9d7a9715ad5c9,no-boots,False
anuragraj03__p651347_jpg.rf.80a412ace94a2682a2a9d7a9715ad5c9,no-vest,False
anuragraj03__p65213137_jpg.rf.4ecc082cbb321021146d7e2cd25bab2a,person,False
anuragraj03__p65213137_jpg.rf.4ecc082cbb321021146d7e2cd25bab2a,helmet,True
anuragraj03__p65213137_jpg.rf.4ecc082cbb321021146d7e2cd25bab2a,gloves,False
anuragraj03__p65213137_jpg.rf.4ecc082cbb321021146d7e2cd25bab2a,boots,False
anuragraj03__p65213137_jpg.rf.4ecc082cbb321021146d7e2cd25bab2a,vest,False
anuragraj03__p65213137_jpg.rf.4ecc082cbb321021146d7e2cd25bab2a,no-helmet,False
anuragraj03__p65213137_jpg.rf.4ecc082cbb321021146d7e2cd25bab2a,no-gloves,False
anuragraj03__p65213137_jpg.rf.4ecc082cbb321021146d7e2cd25bab2a,no-boots,False
anuragraj03__p65213137_jpg.rf.4ecc082cbb321021146d7e2cd25bab2a,no-vest,False
ketakichalke-boots__image1007,person,True
ketakichalke-boots__image1007,helmet,True
ketakichalke-boots__image1007,gloves,True
ketakichalke-boots__image1007,boots,True
ketakichalke-boots__image1007,vest,True
ketakichalke-boots__image1007,no-helmet,False
ketakichalke-boots__image1007,no-gloves,False
ketakichalke-boots__image1007,no-boots,False
ketakichalke-boots__image1007,no-vest,False
ketakichalke-boots__image1072,person,True
ketakichalke-boots__image1072,helmet,True
ketakichalke-boots__image1072,gloves,True
ketakichalke-boots__image1072,boots,True
ketakichalke-boots__image1072,vest,True
ketakichalke-boots__image1072,no-helmet,False
ketakichalke-boots__image1072,no-gloves,False
ketakichalke-boots__image1072,no-boots,False
ketakichalke-boots__image1072,no-vest,False
ketakichalke-boots__image116,person,True
ketakichalke-boots__image116,helmet,True
ketakichalke-boots__image116,gloves,True
ketakichalke-boots__image116,boots,False
ketakichalke-boots__image116,vest,True
ketakichalke-boots__image116,no-helmet,False
ketakichalke-boots__image116,no-gloves,False
ketakichalke-boots__image116,no-boots,False
ketakichalke-boots__image116,no-vest,False
ketakichalke-boots__image126,person,True
ketakichalke-boots__image126,helmet,True
ketakichalke-boots__image126,gloves,True
ketakichalke-boots__image126,boots,True
ketakichalke-boots__image126,vest,True
ketakichalke-boots__image126,no-helmet,False
ketakichalke-boots__image126,no-gloves,False
ketakichalke-boots__image126,no-boots,False
ketakichalke-boots__image126,no-vest,False
ketakichalke-boots__image1371,person,True
ketakichalke-boots__image1371,helmet,False
ketakichalke-boots__image1371,gloves,False
ketakichalke-boots__image1371,boots,False
ketakichalke-boots__image1371,vest,False
ketakichalke-boots__image1371,no-helmet,True
ketakichalke-boots__image1371,no-gloves,True
ketakichalke-boots__image1371,no-boots,False
ketakichalke-boots__image1371,no-vest,False
ketakichalke-boots__image177,person,True
ketakichalke-boots__image177,helmet,True
ketakichalke-boots__image177,gloves,False
ketakichalke-boots__image177,boots,False
ketakichalke-boots__image177,vest,True
ketakichalke-boots__image177,no-helmet,False
ketakichalke-boots__image177,no-gloves,False
ketakichalke-boots__image177,no-boots,False
ketakichalke-boots__image177,no-vest,False
ketakichalke-boots__image309,person,True
ketakichalke-boots__image309,helmet,True
ketakichalke-boots__image309,gloves,False
ketakichalke-boots__image309,boots,False
ketakichalke-boots__image309,vest,False
ketakichalke-boots__image309,no-helmet,False
ketakichalke-boots__image309,no-gloves,False
ketakichalke-boots__image309,no-boots,False
ketakichalke-boots__image309,no-vest,False
ketakichalke-boots__image36,person,True
ketakichalke-boots__image36,helmet,True
ketakichalke-boots__image36,gloves,True
ketakichalke-boots__image36,boots,False
ketakichalke-boots__image36,vest,True
ketakichalke-boots__image36,no-helmet,False
ketakichalke-boots__image36,no-gloves,False
ketakichalke-boots__image36,no-boots,False
ketakichalke-boots__image36,no-vest,False
ketakichalke-boots__image42,person,True
ketakichalke-boots__image42,helmet,True
ketakichalke-boots__image42,gloves,True
ketakichalke-boots__image42,boots,True
ketakichalke-boots__image42,vest,True
ketakichalke-boots__image42,no-helmet,False
ketakichalke-boots__image42,no-gloves,False
ketakichalke-boots__image42,no-boots,False
ketakichalke-boots__image42,no-vest,False
ketakichalke-boots__image424,person,True
ketakichalke-boots__image424,helmet,True
ketakichalke-boots__image424,gloves,True
ketakichalke-boots__image424,boots,True
ketakichalke-boots__image424,vest,True
ketakichalke-boots__image424,no-helmet,False
ketakichalke-boots__image424,no-gloves,False
ketakichalke-boots__image424,no-boots,False
ketakichalke-boots__image424,no-vest,False
ketakichalke-boots__image443,person,True
ketakichalke-boots__image443,helmet,True
ketakichalke-boots__image443,gloves,True
ketakichalke-boots__image443,boots,True
ketakichalke-boots__image443,vest,True
ketakichalke-boots__image443,no-helmet,False
ketakichalke-boots__image443,no-gloves,False
ketakichalke-boots__image443,no-boots,False
ketakichalke-boots__image443,no-vest,False
ketakichalke-boots__image564,person,True
ketakichalke-boots__image564,helmet,True
ketakichalke-boots__image564,gloves,False
ketakichalke-boots__image564,boots,False
ketakichalke-boots__image564,vest,True
ketakichalke-boots__image564,no-helmet,False
ketakichalke-boots__image564,no-gloves,False
ketakichalke-boots__image564,no-boots,False
ketakichalke-boots__image564,no-vest,False
ketakichalke-boots__image725,person,True
ketakichalke-boots__image725,helmet,True
ketakichalke-boots__image725,gloves,True
ketakichalke-boots__image725,boots,True
ketakichalke-boots__image725,vest,True
ketakichalke-boots__image725,no-helmet,False
ketakichalke-boots__image725,no-gloves,False
ketakichalke-boots__image725,no-boots,False
ketakichalke-boots__image725,no-vest,False
ketakichalke-boots__image789,person,True
ketakichalke-boots__image789,helmet,True
ketakichalke-boots__image789,gloves,False
ketakichalke-boots__image789,boots,True
ketakichalke-boots__image789,vest,True
ketakichalke-boots__image789,no-helmet,False
ketakichalke-boots__image789,no-gloves,False
ketakichalke-boots__image789,no-boots,False
ketakichalke-boots__image789,no-vest,False
ketakichalke-boots__image901,person,True
ketakichalke-boots__image901,helmet,True
ketakichalke-boots__image901,gloves,True
ketakichalke-boots__image901,boots,True
ketakichalke-boots__image901,vest,True
ketakichalke-boots__image901,no-helmet,False
ketakichalke-boots__image901,no-gloves,False
ketakichalke-boots__image901,no-boots,False
ketakichalke-boots__image901,no-vest,False
ketakichalke-boots__image904,person,True
ketakichalke-boots__image904,helmet,True
ketakichalke-boots__image904,gloves,True
ketakichalke-boots__image904,boots,True
ketakichalke-boots__image904,vest,True
ketakichalke-boots__image904,no-helmet,False
ketakichalke-boots__image904,no-gloves,False
ketakichalke-boots__image904,no-boots,False
ketakichalke-boots__image904,no-vest,False
ketakichalke-boots__image936,person,True
ketakichalke-boots__image936,helmet,True
ketakichalke-boots__image936,gloves,True
ketakichalke-boots__image936,boots,True
ketakichalke-boots__image936,vest,True
ketakichalke-boots__image936,no-helmet,False
ketakichalke-boots__image936,no-gloves,False
ketakichalke-boots__image936,no-boots,False
ketakichalke-boots__image936,no-vest,False
ketakichalke-boots__image97,person,True
ketakichalke-boots__image97,helmet,True
ketakichalke-boots__image97,gloves,True
ketakichalke-boots__image97,boots,True
ketakichalke-boots__image97,vest,True
ketakichalke-boots__image97,no-helmet,False
ketakichalke-boots__image97,no-gloves,False
ketakichalke-boots__image97,no-boots,False
ketakichalke-boots__image97,no-vest,False
snehilsanyal-main__000415_jpg.rf.63b7e0293fb53612fdb4695fa0debfb7,person,True
snehilsanyal-main__000415_jpg.rf.63b7e0293fb53612fdb4695fa0debfb7,helmet,True
snehilsanyal-main__000415_jpg.rf.63b7e0293fb53612fdb4695fa0debfb7,gloves,False
snehilsanyal-main__000415_jpg.rf.63b7e0293fb53612fdb4695fa0debfb7,boots,False
snehilsanyal-main__000415_jpg.rf.63b7e0293fb53612fdb4695fa0debfb7,vest,False
snehilsanyal-main__000415_jpg.rf.63b7e0293fb53612fdb4695fa0debfb7,no-helmet,False
snehilsanyal-main__000415_jpg.rf.63b7e0293fb53612fdb4695fa0debfb7,no-gloves,False
snehilsanyal-main__000415_jpg.rf.63b7e0293fb53612fdb4695fa0debfb7,no-boots,False
snehilsanyal-main__000415_jpg.rf.63b7e0293fb53612fdb4695fa0debfb7,no-vest,True
snehilsanyal-main__000415_jpg.rf.6b9ff926deef3b67d6cb46c8bd2b2366,person,True
snehilsanyal-main__000415_jpg.rf.6b9ff926deef3b67d6cb46c8bd2b2366,helmet,False
snehilsanyal-main__000415_jpg.rf.6b9ff926deef3b67d6cb46c8bd2b2366,gloves,False
snehilsanyal-main__000415_jpg.rf.6b9ff926deef3b67d6cb46c8bd2b2366,boots,False
snehilsanyal-main__000415_jpg.rf.6b9ff926deef3b67d6cb46c8bd2b2366,vest,False
snehilsanyal-main__000415_jpg.rf.6b9ff926deef3b67d6cb46c8bd2b2366,no-helmet,False
snehilsanyal-main__000415_jpg.rf.6b9ff926deef3b67d6cb46c8bd2b2366,no-gloves,False
snehilsanyal-main__000415_jpg.rf.6b9ff926deef3b67d6cb46c8bd2b2366,no-boots,False
snehilsanyal-main__000415_jpg.rf.6b9ff926deef3b67d6cb46c8bd2b2366,no-vest,True
snehilsanyal-main__006012_jpg.rf.2300bacf07c885b49cd596a85e5adda3,person,True
snehilsanyal-main__006012_jpg.rf.2300bacf07c885b49cd596a85e5adda3,helmet,False
snehilsanyal-main__006012_jpg.rf.2300bacf07c885b49cd596a85e5adda3,gloves,False
snehilsanyal-main__006012_jpg.rf.2300bacf07c885b49cd596a85e5adda3,boots,False
snehilsanyal-main__006012_jpg.rf.2300bacf07c885b49cd596a85e5adda3,vest,False
snehilsanyal-main__006012_jpg.rf.2300bacf07c885b49cd596a85e5adda3,no-helmet,True
snehilsanyal-main__006012_jpg.rf.2300bacf07c885b49cd596a85e5adda3,no-gloves,False
snehilsanyal-main__006012_jpg.rf.2300bacf07c885b49cd596a85e5adda3,no-boots,False
snehilsanyal-main__006012_jpg.rf.2300bacf07c885b49cd596a85e5adda3,no-vest,True
snehilsanyal-main__135e-huxwryw6451820_jpg.rf.ee9ca43c493a451ed87dcea9c7b3e0c6,person,True
snehilsanyal-main__135e-huxwryw6451820_jpg.rf.ee9ca43c493a451ed87dcea9c7b3e0c6,helmet,False
snehilsanyal-main__135e-huxwryw6451820_jpg.rf.ee9ca43c493a451ed87dcea9c7b3e0c6,gloves,False
snehilsanyal-main__135e-huxwryw6451820_jpg.rf.ee9ca43c493a451ed87dcea9c7b3e0c6,boots,False
snehilsanyal-main__135e-huxwryw6451820_jpg.rf.ee9ca43c493a451ed87dcea9c7b3e0c6,vest,False
snehilsanyal-main__135e-huxwryw6451820_jpg.rf.ee9ca43c493a451ed87dcea9c7b3e0c6,no-helmet,False
snehilsanyal-main__135e-huxwryw6451820_jpg.rf.ee9ca43c493a451ed87dcea9c7b3e0c6,no-gloves,False
snehilsanyal-main__135e-huxwryw6451820_jpg.rf.ee9ca43c493a451ed87dcea9c7b3e0c6,no-boots,False
snehilsanyal-main__135e-huxwryw6451820_jpg.rf.ee9ca43c493a451ed87dcea9c7b3e0c6,no-vest,True
snehilsanyal-main__2008_008526_jpg.rf.b9241d674aac7899827bcc5db9486bdc,person,True
snehilsanyal-main__2008_008526_jpg.rf.b9241d674aac7899827bcc5db9486bdc,helmet,False
snehilsanyal-main__2008_008526_jpg.rf.b9241d674aac7899827bcc5db9486bdc,gloves,False
snehilsanyal-main__2008_008526_jpg.rf.b9241d674aac7899827bcc5db9486bdc,boots,False
snehilsanyal-main__2008_008526_jpg.rf.b9241d674aac7899827bcc5db9486bdc,vest,False
snehilsanyal-main__2008_008526_jpg.rf.b9241d674aac7899827bcc5db9486bdc,no-helmet,True
snehilsanyal-main__2008_008526_jpg.rf.b9241d674aac7899827bcc5db9486bdc,no-gloves,False
snehilsanyal-main__2008_008526_jpg.rf.b9241d674aac7899827bcc5db9486bdc,no-boots,False
snehilsanyal-main__2008_008526_jpg.rf.b9241d674aac7899827bcc5db9486bdc,no-vest,True
snehilsanyal-main__IMG_0871_mp4-24_jpg.rf.f9e7803a7755260449de41f00a63c0a0,person,True
snehilsanyal-main__IMG_0871_mp4-24_jpg.rf.f9e7803a7755260449de41f00a63c0a0,helmet,False
snehilsanyal-main__IMG_0871_mp4-24_jpg.rf.f9e7803a7755260449de41f00a63c0a0,gloves,False
snehilsanyal-main__IMG_0871_mp4-24_jpg.rf.f9e7803a7755260449de41f00a63c0a0,boots,False
snehilsanyal-main__IMG_0871_mp4-24_jpg.rf.f9e7803a7755260449de41f00a63c0a0,vest,False
snehilsanyal-main__IMG_0871_mp4-24_jpg.rf.f9e7803a7755260449de41f00a63c0a0,no-helmet,True
snehilsanyal-main__IMG_0871_mp4-24_jpg.rf.f9e7803a7755260449de41f00a63c0a0,no-gloves,False
snehilsanyal-main__IMG_0871_mp4-24_jpg.rf.f9e7803a7755260449de41f00a63c0a0,no-boots,False
snehilsanyal-main__IMG_0871_mp4-24_jpg.rf.f9e7803a7755260449de41f00a63c0a0,no-vest,True
snehilsanyal-main__IMG_5024_mp4-2_jpg.rf.f14476eee4096607def4cd1f1883ca5d,person,True
snehilsanyal-main__IMG_5024_mp4-2_jpg.rf.f14476eee4096607def4cd1f1883ca5d,helmet,False
snehilsanyal-main__IMG_5024_mp4-2_jpg.rf.f14476eee4096607def4cd1f1883ca5d,gloves,False
snehilsanyal-main__IMG_5024_mp4-2_jpg.rf.f14476eee4096607def4cd1f1883ca5d,boots,False
snehilsanyal-main__IMG_5024_mp4-2_jpg.rf.f14476eee4096607def4cd1f1883ca5d,vest,True
snehilsanyal-main__IMG_5024_mp4-2_jpg.rf.f14476eee4096607def4cd1f1883ca5d,no-helmet,True
snehilsanyal-main__IMG_5024_mp4-2_jpg.rf.f14476eee4096607def4cd1f1883ca5d,no-gloves,False
snehilsanyal-main__IMG_5024_mp4-2_jpg.rf.f14476eee4096607def4cd1f1883ca5d,no-boots,False
snehilsanyal-main__IMG_5024_mp4-2_jpg.rf.f14476eee4096607def4cd1f1883ca5d,no-vest,False
snehilsanyal-main__IMG_5024_mp4-4_jpg.rf.02dc33f0f0ffc6b8eab4a796f01b3e79,person,True
snehilsanyal-main__IMG_5024_mp4-4_jpg.rf.02dc33f0f0ffc6b8eab4a796f01b3e79,helmet,False
snehilsanyal-main__IMG_5024_mp4-4_jpg.rf.02dc33f0f0ffc6b8eab4a796f01b3e79,gloves,False
snehilsanyal-main__IMG_5024_mp4-4_jpg.rf.02dc33f0f0ffc6b8eab4a796f01b3e79,boots,False
snehilsanyal-main__IMG_5024_mp4-4_jpg.rf.02dc33f0f0ffc6b8eab4a796f01b3e79,vest,False
snehilsanyal-main__IMG_5024_mp4-4_jpg.rf.02dc33f0f0ffc6b8eab4a796f01b3e79,no-helmet,False
snehilsanyal-main__IMG_5024_mp4-4_jpg.rf.02dc33f0f0ffc6b8eab4a796f01b3e79,no-gloves,False
snehilsanyal-main__IMG_5024_mp4-4_jpg.rf.02dc33f0f0ffc6b8eab4a796f01b3e79,no-boots,False
snehilsanyal-main__IMG_5024_mp4-4_jpg.rf.02dc33f0f0ffc6b8eab4a796f01b3e79,no-vest,True
snehilsanyal-main__IMG_9949-1-_mp4-6_jpg.rf.a680f2403994b4c82fa353a5bd97e81c,person,True
snehilsanyal-main__IMG_9949-1-_mp4-6_jpg.rf.a680f2403994b4c82fa353a5bd97e81c,helmet,True
snehilsanyal-main__IMG_9949-1-_mp4-6_jpg.rf.a680f2403994b4c82fa353a5bd97e81c,gloves,False
snehilsanyal-main__IMG_9949-1-_mp4-6_jpg.rf.a680f2403994b4c82fa353a5bd97e81c,boots,False
snehilsanyal-main__IMG_9949-1-_mp4-6_jpg.rf.a680f2403994b4c82fa353a5bd97e81c,vest,False
snehilsanyal-main__IMG_9949-1-_mp4-6_jpg.rf.a680f2403994b4c82fa353a5bd97e81c,no-helmet,True
snehilsanyal-main__IMG_9949-1-_mp4-6_jpg.rf.a680f2403994b4c82fa353a5bd97e81c,no-gloves,False
snehilsanyal-main__IMG_9949-1-_mp4-6_jpg.rf.a680f2403994b4c82fa353a5bd97e81c,no-boots,False
snehilsanyal-main__IMG_9949-1-_mp4-6_jpg.rf.a680f2403994b4c82fa353a5bd97e81c,no-vest,True
snehilsanyal-main__RPReplay_Final1667001201_MP4-79_jpg.rf.0fcc7de22dfa5f7992a47c7ff06b0d16,person,True
snehilsanyal-main__RPReplay_Final1667001201_MP4-79_jpg.rf.0fcc7de22dfa5f7992a47c7ff06b0d16,helmet,True
snehilsanyal-main__RPReplay_Final1667001201_MP4-79_jpg.rf.0fcc7de22dfa5f7992a47c7ff06b0d16,gloves,False
snehilsanyal-main__RPReplay_Final1667001201_MP4-79_jpg.rf.0fcc7de22dfa5f7992a47c7ff06b0d16,boots,False
snehilsanyal-main__RPReplay_Final1667001201_MP4-79_jpg.rf.0fcc7de22dfa5f7992a47c7ff06b0d16,vest,True
snehilsanyal-main__RPReplay_Final1667001201_MP4-79_jpg.rf.0fcc7de22dfa5f7992a47c7ff06b0d16,no-helmet,False
snehilsanyal-main__RPReplay_Final1667001201_MP4-79_jpg.rf.0fcc7de22dfa5f7992a47c7ff06b0d16,no-gloves,False
snehilsanyal-main__RPReplay_Final1667001201_MP4-79_jpg.rf.0fcc7de22dfa5f7992a47c7ff06b0d16,no-boots,False
snehilsanyal-main__RPReplay_Final1667001201_MP4-79_jpg.rf.0fcc7de22dfa5f7992a47c7ff06b0d16,no-vest,True
snehilsanyal-main__airport_inside_0363_jpg.rf.0c8e1d8f49a8f7f8fa0fd1be8019db94,person,True
snehilsanyal-main__airport_inside_0363_jpg.rf.0c8e1d8f49a8f7f8fa0fd1be8019db94,helmet,False
snehilsanyal-main__airport_inside_0363_jpg.rf.0c8e1d8f49a8f7f8fa0fd1be8019db94,gloves,False
snehilsanyal-main__airport_inside_0363_jpg.rf.0c8e1d8f49a8f7f8fa0fd1be8019db94,boots,False
snehilsanyal-main__airport_inside_0363_jpg.rf.0c8e1d8f49a8f7f8fa0fd1be8019db94,vest,False
snehilsanyal-main__airport_inside_0363_jpg.rf.0c8e1d8f49a8f7f8fa0fd1be8019db94,no-helmet,True
snehilsanyal-main__airport_inside_0363_jpg.rf.0c8e1d8f49a8f7f8fa0fd1be8019db94,no-gloves,False
snehilsanyal-main__airport_inside_0363_jpg.rf.0c8e1d8f49a8f7f8fa0fd1be8019db94,no-boots,False
snehilsanyal-main__airport_inside_0363_jpg.rf.0c8e1d8f49a8f7f8fa0fd1be8019db94,no-vest,True
snehilsanyal-main__autox3_mp4-49_jpg.rf.d7456fd447bd86e27aaa1d689c73f605,person,True
snehilsanyal-main__autox3_mp4-49_jpg.rf.d7456fd447bd86e27aaa1d689c73f605,helmet,True
snehilsanyal-main__autox3_mp4-49_jpg.rf.d7456fd447bd86e27aaa1d689c73f605,gloves,False
snehilsanyal-main__autox3_mp4-49_jpg.rf.d7456fd447bd86e27aaa1d689c73f605,boots,False
snehilsanyal-main__autox3_mp4-49_jpg.rf.d7456fd447bd86e27aaa1d689c73f605,vest,True
snehilsanyal-main__autox3_mp4-49_jpg.rf.d7456fd447bd86e27aaa1d689c73f605,no-helmet,False
snehilsanyal-main__autox3_mp4-49_jpg.rf.d7456fd447bd86e27aaa1d689c73f605,no-gloves,False
snehilsanyal-main__autox3_mp4-49_jpg.rf.d7456fd447bd86e27aaa1d689c73f605,no-boots,False
snehilsanyal-main__autox3_mp4-49_jpg.rf.d7456fd447bd86e27aaa1d689c73f605,no-vest,False
snehilsanyal-main__autox6_mp4-157_jpg.rf.5083cfa42053e2766397344e36be6ca8,person,True
snehilsanyal-main__autox6_mp4-157_jpg.rf.5083cfa42053e2766397344e36be6ca8,helmet,True
snehilsanyal-main__autox6_mp4-157_jpg.rf.5083cfa42053e2766397344e36be6ca8,gloves,False
snehilsanyal-main__autox6_mp4-157_jpg.rf.5083cfa42053e2766397344e36be6ca8,boots,False
snehilsanyal-main__autox6_mp4-157_jpg.rf.5083cfa42053e2766397344e36be6ca8,vest,True
snehilsanyal-main__autox6_mp4-157_jpg.rf.5083cfa42053e2766397344e36be6ca8,no-helmet,False
snehilsanyal-main__autox6_mp4-157_jpg.rf.5083cfa42053e2766397344e36be6ca8,no-gloves,False
snehilsanyal-main__autox6_mp4-157_jpg.rf.5083cfa42053e2766397344e36be6ca8,no-boots,False
snehilsanyal-main__autox6_mp4-157_jpg.rf.5083cfa42053e2766397344e36be6ca8,no-vest,True
snehilsanyal-main__autox6_mp4-80_jpg.rf.44eee52828ea57aaaac102dfbcc55e45,person,True
snehilsanyal-main__autox6_mp4-80_jpg.rf.44eee52828ea57aaaac102dfbcc55e45,helmet,False
snehilsanyal-main__autox6_mp4-80_jpg.rf.44eee52828ea57aaaac102dfbcc55e45,gloves,False
snehilsanyal-main__autox6_mp4-80_jpg.rf.44eee52828ea57aaaac102dfbcc55e45,boots,False
snehilsanyal-main__autox6_mp4-80_jpg.rf.44eee52828ea57aaaac102dfbcc55e45,vest,False
snehilsanyal-main__autox6_mp4-80_jpg.rf.44eee52828ea57aaaac102dfbcc55e45,no-helmet,True
snehilsanyal-main__autox6_mp4-80_jpg.rf.44eee52828ea57aaaac102dfbcc55e45,no-gloves,False
snehilsanyal-main__autox6_mp4-80_jpg.rf.44eee52828ea57aaaac102dfbcc55e45,no-boots,False
snehilsanyal-main__autox6_mp4-80_jpg.rf.44eee52828ea57aaaac102dfbcc55e45,no-vest,False
snehilsanyal-main__class1_075_jpg.rf.a03d62c65431fdb47562593e28991d07,person,True
snehilsanyal-main__class1_075_jpg.rf.a03d62c65431fdb47562593e28991d07,helmet,False
snehilsanyal-main__class1_075_jpg.rf.a03d62c65431fdb47562593e28991d07,gloves,False
snehilsanyal-main__class1_075_jpg.rf.a03d62c65431fdb47562593e28991d07,boots,False
snehilsanyal-main__class1_075_jpg.rf.a03d62c65431fdb47562593e28991d07,vest,True
snehilsanyal-main__class1_075_jpg.rf.a03d62c65431fdb47562593e28991d07,no-helmet,False
snehilsanyal-main__class1_075_jpg.rf.a03d62c65431fdb47562593e28991d07,no-gloves,False
snehilsanyal-main__class1_075_jpg.rf.a03d62c65431fdb47562593e28991d07,no-boots,False
snehilsanyal-main__class1_075_jpg.rf.a03d62c65431fdb47562593e28991d07,no-vest,True
snehilsanyal-main__construction-1050-_jpg.rf.02208e58055900f0e9f2e8ded960c690,person,True
snehilsanyal-main__construction-1050-_jpg.rf.02208e58055900f0e9f2e8ded960c690,helmet,False
snehilsanyal-main__construction-1050-_jpg.rf.02208e58055900f0e9f2e8ded960c690,gloves,False
snehilsanyal-main__construction-1050-_jpg.rf.02208e58055900f0e9f2e8ded960c690,boots,False
snehilsanyal-main__construction-1050-_jpg.rf.02208e58055900f0e9f2e8ded960c690,vest,False
snehilsanyal-main__construction-1050-_jpg.rf.02208e58055900f0e9f2e8ded960c690,no-helmet,False
snehilsanyal-main__construction-1050-_jpg.rf.02208e58055900f0e9f2e8ded960c690,no-gloves,False
snehilsanyal-main__construction-1050-_jpg.rf.02208e58055900f0e9f2e8ded960c690,no-boots,False
snehilsanyal-main__construction-1050-_jpg.rf.02208e58055900f0e9f2e8ded960c690,no-vest,False
snehilsanyal-main__construction-253-_jpg.rf.c67e3fcf3be1e96d7fec63a327b585f7,person,True
snehilsanyal-main__construction-253-_jpg.rf.c67e3fcf3be1e96d7fec63a327b585f7,helmet,True
snehilsanyal-main__construction-253-_jpg.rf.c67e3fcf3be1e96d7fec63a327b585f7,gloves,False
snehilsanyal-main__construction-253-_jpg.rf.c67e3fcf3be1e96d7fec63a327b585f7,boots,False
snehilsanyal-main__construction-253-_jpg.rf.c67e3fcf3be1e96d7fec63a327b585f7,vest,False
snehilsanyal-main__construction-253-_jpg.rf.c67e3fcf3be1e96d7fec63a327b585f7,no-helmet,False
snehilsanyal-main__construction-253-_jpg.rf.c67e3fcf3be1e96d7fec63a327b585f7,no-gloves,False
snehilsanyal-main__construction-253-_jpg.rf.c67e3fcf3be1e96d7fec63a327b585f7,no-boots,False
snehilsanyal-main__construction-253-_jpg.rf.c67e3fcf3be1e96d7fec63a327b585f7,no-vest,True
snehilsanyal-main__construction-369-_jpg.rf.23dd790f943919d62800543641ea8474,person,True
snehilsanyal-main__construction-369-_jpg.rf.23dd790f943919d62800543641ea8474,helmet,False
snehilsanyal-main__construction-369-_jpg.rf.23dd790f943919d62800543641ea8474,gloves,False
snehilsanyal-main__construction-369-_jpg.rf.23dd790f943919d62800543641ea8474,boots,False
snehilsanyal-main__construction-369-_jpg.rf.23dd790f943919d62800543641ea8474,vest,True
snehilsanyal-main__construction-369-_jpg.rf.23dd790f943919d62800543641ea8474,no-helmet,True
snehilsanyal-main__construction-369-_jpg.rf.23dd790f943919d62800543641ea8474,no-gloves,False
snehilsanyal-main__construction-369-_jpg.rf.23dd790f943919d62800543641ea8474,no-boots,False
snehilsanyal-main__construction-369-_jpg.rf.23dd790f943919d62800543641ea8474,no-vest,False
snehilsanyal-main__construction-708-_jpg.rf.8412869d37074b8796769c0d431af32e,person,True
snehilsanyal-main__construction-708-_jpg.rf.8412869d37074b8796769c0d431af32e,helmet,True
snehilsanyal-main__construction-708-_jpg.rf.8412869d37074b8796769c0d431af32e,gloves,False
snehilsanyal-main__construction-708-_jpg.rf.8412869d37074b8796769c0d431af32e,boots,False
snehilsanyal-main__construction-708-_jpg.rf.8412869d37074b8796769c0d431af32e,vest,True
snehilsanyal-main__construction-708-_jpg.rf.8412869d37074b8796769c0d431af32e,no-helmet,True
snehilsanyal-main__construction-708-_jpg.rf.8412869d37074b8796769c0d431af32e,no-gloves,False
snehilsanyal-main__construction-708-_jpg.rf.8412869d37074b8796769c0d431af32e,no-boots,False
snehilsanyal-main__construction-708-_jpg.rf.8412869d37074b8796769c0d431af32e,no-vest,True
snehilsanyal-main__image_55_jpg.rf.687fe5037e332ac02eb6cc93310845be,person,True
snehilsanyal-main__image_55_jpg.rf.687fe5037e332ac02eb6cc93310845be,helmet,True
snehilsanyal-main__image_55_jpg.rf.687fe5037e332ac02eb6cc93310845be,gloves,False
snehilsanyal-main__image_55_jpg.rf.687fe5037e332ac02eb6cc93310845be,boots,False
snehilsanyal-main__image_55_jpg.rf.687fe5037e332ac02eb6cc93310845be,vest,True
snehilsanyal-main__image_55_jpg.rf.687fe5037e332ac02eb6cc93310845be,no-helmet,True
snehilsanyal-main__image_55_jpg.rf.687fe5037e332ac02eb6cc93310845be,no-gloves,False
snehilsanyal-main__image_55_jpg.rf.687fe5037e332ac02eb6cc93310845be,no-boots,False
snehilsanyal-main__image_55_jpg.rf.687fe5037e332ac02eb6cc93310845be,no-vest,True
snehilsanyal-main__image_560_jpg.rf.cec604e4e8173d635fc4c4170df9d739,person,True
snehilsanyal-main__image_560_jpg.rf.cec604e4e8173d635fc4c4170df9d739,helmet,False
snehilsanyal-main__image_560_jpg.rf.cec604e4e8173d635fc4c4170df9d739,gloves,False
snehilsanyal-main__image_560_jpg.rf.cec604e4e8173d635fc4c4170df9d739,boots,False
snehilsanyal-main__image_560_jpg.rf.cec604e4e8173d635fc4c4170df9d739,vest,True
snehilsanyal-main__image_560_jpg.rf.cec604e4e8173d635fc4c4170df9d739,no-helmet,False
snehilsanyal-main__image_560_jpg.rf.cec604e4e8173d635fc4c4170df9d739,no-gloves,False
snehilsanyal-main__image_560_jpg.rf.cec604e4e8173d635fc4c4170df9d739,no-boots,False
snehilsanyal-main__image_560_jpg.rf.cec604e4e8173d635fc4c4170df9d739,no-vest,True
snehilsanyal-main__maksssksksss710_png_jpg.rf.faeb1cc9ddc4e6c506648fc7324f54d0,person,True
snehilsanyal-main__maksssksksss710_png_jpg.rf.faeb1cc9ddc4e6c506648fc7324f54d0,helmet,False
snehilsanyal-main__maksssksksss710_png_jpg.rf.faeb1cc9ddc4e6c506648fc7324f54d0,gloves,False
snehilsanyal-main__maksssksksss710_png_jpg.rf.faeb1cc9ddc4e6c506648fc7324f54d0,boots,False
snehilsanyal-main__maksssksksss710_png_jpg.rf.faeb1cc9ddc4e6c506648fc7324f54d0,vest,True
snehilsanyal-main__maksssksksss710_png_jpg.rf.faeb1cc9ddc4e6c506648fc7324f54d0,no-helmet,True
snehilsanyal-main__maksssksksss710_png_jpg.rf.faeb1cc9ddc4e6c506648fc7324f54d0,no-gloves,False
snehilsanyal-main__maksssksksss710_png_jpg.rf.faeb1cc9ddc4e6c506648fc7324f54d0,no-boots,False
snehilsanyal-main__maksssksksss710_png_jpg.rf.faeb1cc9ddc4e6c506648fc7324f54d0,no-vest,True
snehilsanyal-main__mask-wearing-1632933572733_png_jpg.rf.ade0dc53cbb1070b9623428cd6d4ce74,person,True
snehilsanyal-main__mask-wearing-1632933572733_png_jpg.rf.ade0dc53cbb1070b9623428cd6d4ce74,helmet,False
snehilsanyal-main__mask-wearing-1632933572733_png_jpg.rf.ade0dc53cbb1070b9623428cd6d4ce74,gloves,False
snehilsanyal-main__mask-wearing-1632933572733_png_jpg.rf.ade0dc53cbb1070b9623428cd6d4ce74,boots,False
snehilsanyal-main__mask-wearing-1632933572733_png_jpg.rf.ade0dc53cbb1070b9623428cd6d4ce74,vest,False
snehilsanyal-main__mask-wearing-1632933572733_png_jpg.rf.ade0dc53cbb1070b9623428cd6d4ce74,no-helmet,True
snehilsanyal-main__mask-wearing-1632933572733_png_jpg.rf.ade0dc53cbb1070b9623428cd6d4ce74,no-gloves,False
snehilsanyal-main__mask-wearing-1632933572733_png_jpg.rf.ade0dc53cbb1070b9623428cd6d4ce74,no-boots,False
snehilsanyal-main__mask-wearing-1632933572733_png_jpg.rf.ade0dc53cbb1070b9623428cd6d4ce74,no-vest,True
snehilsanyal-main__video_CDC-YOUTUBE_mp4-50_jpg.rf.4912d4cb665e1ab8243c28d9c3039ae8,person,True
snehilsanyal-main__video_CDC-YOUTUBE_mp4-50_jpg.rf.4912d4cb665e1ab8243c28d9c3039ae8,helmet,False
snehilsanyal-main__video_CDC-YOUTUBE_mp4-50_jpg.rf.4912d4cb665e1ab8243c28d9c3039ae8,gloves,False
snehilsanyal-main__video_CDC-YOUTUBE_mp4-50_jpg.rf.4912d4cb665e1ab8243c28d9c3039ae8,boots,False
snehilsanyal-main__video_CDC-YOUTUBE_mp4-50_jpg.rf.4912d4cb665e1ab8243c28d9c3039ae8,vest,False
snehilsanyal-main__video_CDC-YOUTUBE_mp4-50_jpg.rf.4912d4cb665e1ab8243c28d9c3039ae8,no-helmet,True
snehilsanyal-main__video_CDC-YOUTUBE_mp4-50_jpg.rf.4912d4cb665e1ab8243c28d9c3039ae8,no-gloves,False
snehilsanyal-main__video_CDC-YOUTUBE_mp4-50_jpg.rf.4912d4cb665e1ab8243c28d9c3039ae8,no-boots,False
snehilsanyal-main__video_CDC-YOUTUBE_mp4-50_jpg.rf.4912d4cb665e1ab8243c28d9c3039ae8,no-vest,True
snehilsanyal-main__youtube-118_jpg.rf.9dc8b46dfbac73d9e4f983964355d7ac,person,True
snehilsanyal-main__youtube-118_jpg.rf.9dc8b46dfbac73d9e4f983964355d7ac,helmet,True
snehilsanyal-main__youtube-118_jpg.rf.9dc8b46dfbac73d9e4f983964355d7ac,gloves,False
snehilsanyal-main__youtube-118_jpg.rf.9dc8b46dfbac73d9e4f983964355d7ac,boots,False
snehilsanyal-main__youtube-118_jpg.rf.9dc8b46dfbac73d9e4f983964355d7ac,vest,False
snehilsanyal-main__youtube-118_jpg.rf.9dc8b46dfbac73d9e4f983964355d7ac,no-helmet,False
snehilsanyal-main__youtube-118_jpg.rf.9dc8b46dfbac73d9e4f983964355d7ac,no-gloves,False
snehilsanyal-main__youtube-118_jpg.rf.9dc8b46dfbac73d9e4f983964355d7ac,no-boots,False
snehilsanyal-main__youtube-118_jpg.rf.9dc8b46dfbac73d9e4f983964355d7ac,no-vest,True
snehilsanyal-main__youtube-480_jpg.rf.faf443d4d10cc97074f6a80225f0ac29,person,True
snehilsanyal-main__youtube-480_jpg.rf.faf443d4d10cc97074f6a80225f0ac29,helmet,True
snehilsanyal-main__youtube-480_jpg.rf.faf443d4d10cc97074f6a80225f0ac29,gloves,False
snehilsanyal-main__youtube-480_jpg.rf.faf443d4d10cc97074f6a80225f0ac29,boots,False
snehilsanyal-main__youtube-480_jpg.rf.faf443d4d10cc97074f6a80225f0ac29,vest,True
snehilsanyal-main__youtube-480_jpg.rf.faf443d4d10cc97074f6a80225f0ac29,no-helmet,True
snehilsanyal-main__youtube-480_jpg.rf.faf443d4d10cc97074f6a80225f0ac29,no-gloves,False
snehilsanyal-main__youtube-480_jpg.rf.faf443d4d10cc97074f6a80225f0ac29,no-boots,False
snehilsanyal-main__youtube-480_jpg.rf.faf443d4d10cc97074f6a80225f0ac29,no-vest,True
snehilsanyal-main__youtube-502_jpg.rf.a17be40a7edd6cd947c24e8902b3abea,person,True
snehilsanyal-main__youtube-502_jpg.rf.a17be40a7edd6cd947c24e8902b3abea,helmet,False
snehilsanyal-main__youtube-502_jpg.rf.a17be40a7edd6cd947c24e8902b3abea,gloves,False
snehilsanyal-main__youtube-502_jpg.rf.a17be40a7edd6cd947c24e8902b3abea,boots,False
snehilsanyal-main__youtube-502_jpg.rf.a17be40a7edd6cd947c24e8902b3abea,vest,True
snehilsanyal-main__youtube-502_jpg.rf.a17be40a7edd6cd947c24e8902b3abea,no-helmet,False
snehilsanyal-main__youtube-502_jpg.rf.a17be40a7edd6cd947c24e8902b3abea,no-gloves,False
snehilsanyal-main__youtube-502_jpg.rf.a17be40a7edd6cd947c24e8902b3abea,no-boots,False
snehilsanyal-main__youtube-502_jpg.rf.a17be40a7edd6cd947c24e8902b3abea,no-vest,True
snehilsanyal-main__youtube-568_jpg.rf.49f1d5b90378ee7a8dbd85b799bfa32d,person,True
snehilsanyal-main__youtube-568_jpg.rf.49f1d5b90378ee7a8dbd85b799bfa32d,helmet,False
snehilsanyal-main__youtube-568_jpg.rf.49f1d5b90378ee7a8dbd85b799bfa32d,gloves,False
snehilsanyal-main__youtube-568_jpg.rf.49f1d5b90378ee7a8dbd85b799bfa32d,boots,False
snehilsanyal-main__youtube-568_jpg.rf.49f1d5b90378ee7a8dbd85b799bfa32d,vest,True
snehilsanyal-main__youtube-568_jpg.rf.49f1d5b90378ee7a8dbd85b799bfa32d,no-helmet,False
snehilsanyal-main__youtube-568_jpg.rf.49f1d5b90378ee7a8dbd85b799bfa32d,no-gloves,False
snehilsanyal-main__youtube-568_jpg.rf.49f1d5b90378ee7a8dbd85b799bfa32d,no-boots,False
snehilsanyal-main__youtube-568_jpg.rf.49f1d5b90378ee7a8dbd85b799bfa32d,no-vest,True
snehilsanyal-main__youtube-617_jpg.rf.309ef116f1d9074886d61bb0816b6b9e,person,True
snehilsanyal-main__youtube-617_jpg.rf.309ef116f1d9074886d61bb0816b6b9e,helmet,True
snehilsanyal-main__youtube-617_jpg.rf.309ef116f1d9074886d61bb0816b6b9e,gloves,False
snehilsanyal-main__youtube-617_jpg.rf.309ef116f1d9074886d61bb0816b6b9e,boots,False
snehilsanyal-main__youtube-617_jpg.rf.309ef116f1d9074886d61bb0816b6b9e,vest,True
snehilsanyal-main__youtube-617_jpg.rf.309ef116f1d9074886d61bb0816b6b9e,no-helmet,False
snehilsanyal-main__youtube-617_jpg.rf.309ef116f1d9074886d61bb0816b6b9e,no-gloves,False
snehilsanyal-main__youtube-617_jpg.rf.309ef116f1d9074886d61bb0816b6b9e,no-boots,False
snehilsanyal-main__youtube-617_jpg.rf.309ef116f1d9074886d61bb0816b6b9e,no-vest,False
snehilsanyal-main__youtube-682_jpg.rf.1b6032eab51a0902f1d56ff7425c5f2a,person,True
snehilsanyal-main__youtube-682_jpg.rf.1b6032eab51a0902f1d56ff7425c5f2a,helmet,True
snehilsanyal-main__youtube-682_jpg.rf.1b6032eab51a0902f1d56ff7425c5f2a,gloves,False
snehilsanyal-main__youtube-682_jpg.rf.1b6032eab51a0902f1d56ff7425c5f2a,boots,False
snehilsanyal-main__youtube-682_jpg.rf.1b6032eab51a0902f1d56ff7425c5f2a,vest,True
snehilsanyal-main__youtube-682_jpg.rf.1b6032eab51a0902f1d56ff7425c5f2a,no-helmet,False
snehilsanyal-main__youtube-682_jpg.rf.1b6032eab51a0902f1d56ff7425c5f2a,no-gloves,False
snehilsanyal-main__youtube-682_jpg.rf.1b6032eab51a0902f1d56ff7425c5f2a,no-boots,False
snehilsanyal-main__youtube-682_jpg.rf.1b6032eab51a0902f1d56ff7425c5f2a,no-vest,False
snehilsanyal-main__youtube-824_jpg.rf.66d684a9888bb29ffe83793dd2ed3528,person,True
snehilsanyal-main__youtube-824_jpg.rf.66d684a9888bb29ffe83793dd2ed3528,helmet,False
snehilsanyal-main__youtube-824_jpg.rf.66d684a9888bb29ffe83793dd2ed3528,gloves,False
snehilsanyal-main__youtube-824_jpg.rf.66d684a9888bb29ffe83793dd2ed3528,boots,False
snehilsanyal-main__youtube-824_jpg.rf.66d684a9888bb29ffe83793dd2ed3528,vest,True
snehilsanyal-main__youtube-824_jpg.rf.66d684a9888bb29ffe83793dd2ed3528,no-helmet,False
snehilsanyal-main__youtube-824_jpg.rf.66d684a9888bb29ffe83793dd2ed3528,no-gloves,False
snehilsanyal-main__youtube-824_jpg.rf.66d684a9888bb29ffe83793dd2ed3528,no-boots,False
snehilsanyal-main__youtube-824_jpg.rf.66d684a9888bb29ffe83793dd2ed3528,no-vest,True
